21.0775,35071,70142,2331672,3887164,6108,6108,31.54,19,0,200,0,5
0.117482,106,212,10761,17998,5941,5941,30.705,12,5,200,0,5
1.6695,2495,4990,192421,323446,6408,6408,33.04,19,10,200,0,5
1.64692,2360,4720,189978,321523,7099,7099,36.495,17,15,200,0,5
2.00009,3077,6154,225237,379805,6827,6827,35.135,21,20,200,0,5
7.54775,12185,24354,805904,1355712,6259,6259,32.295,21,25,200,0,5
4.55009,7040,14080,480804,818191,5738,5738,29.69,22,30,200,0,5
2.18037,3433,6794,229623,387952,5673,5673,29.365,15,35,200,0,5
0.637118,1193,2381,64819,107797,5676,5676,29.38,14,40,200,0,5
2.67665,4699,9398,283027,478131,5532,5532,28.66,16,45,200,0,5
3.18506,6551,13102,295524,495066,5531,5531,28.655,14,50,200,0,5
0.172654,256,512,20148,33292,5627,5627,29.135,14,55,200,0,5
0.119695,161,322,13684,23003,5710,5710,29.55,7,60,200,0,5
0.117369,141,282,14566,24208,5825,5825,30.125,12,65,200,0,5
0.483663,850,1692,50937,86279,5842,5842,30.21,15,70,200,0,5
0.46816,654,1308,55549,92650,5761,5761,29.805,15,75,200,0,5
0.870104,1600,3200,88886,148624,5827,5827,30.135,15,80,200,0,5
0.133574,54,109,10288,16714,6115,6095,31.575,57,0,200,0
0.114403,45,91,9469,15457,6037,6028,31.185,41,5,200,0
0.111113,38,77,9450,15449,6531,6523,33.655,37,10,200,0
0.129586,42,85,10470,17163,7148,7139,36.74,42,15,200,0
0.13356,43,87,10574,17273,6885,6877,35.425,43,20,200,0
0.138176,51,103,10081,16458,6215,6202,32.075,50,25,200,0
0.155197,50,101,9453,15438,5831,5816,30.155,51,30,200,0
0.136354,54,109,9783,15952,5654,5635,29.27,52,35,200,0
0.144923,60,121,10036,16357,5654,5635,29.27,66,40,200,0
0.132192,54,109,9511,15513,5419,5407,28.095,53,45,200,0
0.140499,59,119,9925,16153,5505,5491,28.525,59,50,200,0
0.12325,47,95,8990,14636,5531,5522,28.655,48,55,200,0
0.135951,51,103,10119,16518,6028,6017,31.14,49,60,200,0
0.123736,43,87,9337,15248,5788,5780,29.94,42,65,200,0
0.129184,49,99,9769,15919,5922,5907,30.61,48,70,200,0
0.132139,48,97,9332,15216,5700,5683,29.5,45,75,200,0
0.115795,45,91,8884,14491,5662,5647,29.31,48,80,200,0
0.136075,49,99,9324,15200,5685,5672,29.425,47,85,200,0
0.124275,53,107,9751,15876,5816,5805,30.08,54,90,200,0
0.158294,71,143,11551,18817,5834,5820,30.17,68,95,200,0
0.144278,65,131,10922,17799,5851,5839,30.255,63,100,200,0
0.131484,57,115,10003,16351,5751,5743,29.755,59,105,200,0
0.123156,49,99,9275,15143,5497,5489,28.485,50,110,200,0
0.120727,47,95,9675,15806,5657,5643,29.285,41,115,200,0
0.119064,47,95,9805,15997,6107,6095,31.535,47,120,200,0
0.304211,70,141,19145,31245,13435,13401,34.5875,64,0,400,0
0.387589,83,167,19727,32285,13112,13076,33.78,69,5,400,0
0.376973,90,181,20926,34291,13839,13799,35.5975,77,10,400,0
0.381959,87,175,22523,36956,14595,14548,37.4875,83,15,400,0
0.402047,102,205,24261,39824,14225,14164,36.5625,81,20,400,0
0.451386,91,183,20089,32972,13305,13265,34.2625,83,25,400,0
0.388925,107,215,19973,32722,12330,12271,31.825,95,30,400,0
0.371476,97,195,19533,31956,11763,11695,30.4075,88,35,400,0
0.404017,108,217,20595,33666,12076,12004,31.19,87,40,400,0
0.35835,96,193,19525,31965,11843,11792,30.6075,68,45,400,0
0.378209,108,217,19850,32419,11589,11525,29.9725,85,50,400,0
0.338383,94,189,18317,29944,11412,11358,29.53,76,55,400,0
0.317622,87,175,16689,27244,10852,10808,28.13,72,60,400,0
0.332693,91,183,17220,28092,10983,10922,28.4575,91,65,400,0
0.323789,88,177,17653,28804,11635,11587,30.0875,84,70,400,0
0.322257,88,177,17542,28615,11170,11123,28.925,77,75,400,0
0.310861,87,175,16923,27648,10981,10933,28.4525,83,80,400,0
0.319829,90,181,16929,27655,11197,11158,28.9925,71,85,400,0
0.316475,92,185,17821,29141,11483,11438,29.7075,78,90,400,0
0.311467,92,185,17749,29006,11640,11594,30.1,77,95,400,0
0.331743,99,199,18189,29709,11353,11295,29.3825,88,100,400,0
0.325395,88,177,18902,30926,12092,12048,31.23,80,105,400,0
0.354757,111,223,20095,32869,12389,12331,31.9725,86,110,400,0
0.292239,80,161,18263,29948,12140,12102,31.35,73,115,400,0
0.322876,94,189,19370,31693,12453,12390,32.1325,80,120,400,0
0.327166,99,199,19635,32144,12295,12249,31.7375,81,125,400,0
0.332867,98,197,18721,30640,11700,11647,30.25,86,130,400,0
0.363947,114,229,19666,32141,11559,11502,29.8975,82,135,400,0
0.293221,84,169,17193,28095,11552,11508,29.88,76,140,400,0
0.357184,118,237,19085,31182,11239,11171,29.0975,92,145,400,0
0.308219,88,177,17594,28737,11567,11513,29.9175,75,150,400,0
0.307112,87,175,18295,29915,12028,11974,31.07,75,155,400,0
0.316507,94,189,18438,30196,11611,11566,30.0275,89,160,400,0
0.297393,84,169,17173,28073,11403,11363,29.5075,80,165,400,0
0.301171,85,171,17400,28436,11618,11575,30.045,80,170,400,0
0.359665,110,221,20532,33618,12190,12127,31.475,94,175,400,0
0.353161,110,221,20056,32817,12262,12194,31.655,85,180,400,0
0.286256,72,145,18442,30172,12189,12147,31.4725,60,185,400,0
0.31486,85,171,18912,30922,11931,11879,30.8275,70,190,400,0
0.286959,78,157,17467,28576,11953,11909,30.8825,75,195,400,0
0.346733,107,215,19493,31905,11724,11664,30.31,92,200,400,0
0.362334,107,215,19811,32405,11653,11585,30.1325,102,205,400,0
0.336153,98,197,19572,32018,11970,11919,30.925,85,210,400,0
0.372744,121,243,19846,32460,11529,11470,29.8225,102,215,400,0
0.353184,103,207,19553,31979,11455,11388,29.6375,77,220,400,0
0.338429,104,209,18326,29981,10989,10931,28.4725,92,225,400,0
0.345681,97,195,17187,28089,10933,10881,28.3325,90,230,400,0
0.303669,89,179,17318,28311,10990,10936,28.475,69,235,400,0
0.310717,92,185,17801,29072,11452,11404,29.63,73,240,400,0
0.417841,132,265,21796,35605,11406,11314,29.515,107,245,400,0
0.38111,111,223,21173,34591,12048,11986,31.12,95,250,400,0
0.340177,108,217,18830,30791,11925,11868,30.8125,97,255,400,0
0.338017,107,215,18881,30880,11628,11570,30.07,78,260,400,0
0.315045,94,189,18398,30075,11639,11596,30.0975,81,265,400,0
0.353516,108,217,19738,32292,11646,11582,30.115,93,270,400,0
0.347074,108,217,18072,29517,11557,11494,29.8925,88,275,400,0
0.295419,83,167,17087,27935,11461,11418,29.6525,77,280,400,0
0.29771,85,171,17620,28820,11478,11431,29.695,80,285,400,0
0.317744,93,187,18289,29867,11802,11748,30.505,88,290,400,0
0.321496,96,193,18391,30057,11857,11800,30.6425,91,295,400,0
0.297865,84,169,18107,29608,12472,12428,32.18,69,300,400,0
0.305356,87,175,18733,30669,12411,12369,32.0275,89,305,400,0
0.289565,78,157,18673,30579,12576,12542,32.44,73,310,400,0
0.320229,90,181,20336,33317,12702,12657,32.755,85,315,400,0
0.352199,108,217,20371,33385,12253,12200,31.6325,102,320,400,0
0.33669,104,209,19655,32205,12194,12139,31.485,105,325,400,0
0.323994,97,195,18414,30128,11662,11609,30.155,88,330,400,0
0.305813,89,179,17802,29127,11763,11712,30.4075,91,335,400,0
0.331589,103,207,18214,29817,11285,11235,29.2125,87,340,400,0
0.322843,95,191,18146,29670,11484,11433,29.71,89,345,400,0
0.30834,93,187,17797,29101,11248,11199,29.12,92,350,400,0
0.299343,74,149,17161,28049,11728,11693,30.32,67,355,400,0
0.31515,92,185,18247,29862,11886,11838,30.715,91,360,400,0
0.287829,82,165,17481,28595,11750,11712,30.375,78,365,400,0
0.309265,89,179,17831,29174,11370,11329,29.425,77,370,400,0
0.303535,88,177,17927,29307,11763,11710,30.4075,87,375,400,0
0.283641,75,151,17486,28586,11901,11867,30.7525,70,380,400,0
0.301274,84,169,18177,29692,11989,11942,30.9725,84,385,400,0
0.280147,74,149,17499,28622,12043,12005,31.1075,74,390,400,0
0.325961,94,189,19364,31674,12165,12119,31.4125,92,395,400,0
0.317666,96,193,18479,30203,11819,11767,30.5475,93,400,400,0
0.323908,99,199,18844,30816,11945,11892,30.8625,79,405,400,0
0.387774,121,243,21737,35561,11952,11882,30.88,99,410,400,0
0.31631,91,183,18546,30329,12036,11985,31.09,83,415,400,0
0.300077,87,175,17620,28806,11842,11793,30.605,80,420,400,0
0.328253,100,201,18569,30364,11628,11570,30.07,79,425,400,0
0.317744,92,185,18298,29925,11840,11784,30.6,87,430,400,0
0.35146,110,221,20199,33045,11948,11883,30.87,94,435,400,0
0.304926,87,175,17613,28805,11684,11625,30.21,76,440,400,0
0.282628,77,155,16290,26621,11343,11292,29.3575,79,445,400,0
0.333986,100,201,18634,30432,11308,11241,29.27,83,450,400,0
0.329055,94,189,17934,29277,10877,10824,28.1925,84,455,400,0
0.291932,83,167,16965,27679,11501,11453,29.7525,70,460,400,0
0.276172,73,147,16646,27208,11810,11772,30.525,74,465,400,0
0.329202,98,197,18850,30773,11618,11567,30.045,91,470,400,0
0.313083,84,169,18443,30114,11819,11770,30.5475,77,475,400,0
0.344634,96,193,18991,31009,12091,12051,31.2275,82,480,400,0
0.317875,91,183,19551,31997,12219,12172,31.5475,83,485,400,0
0.360866,112,225,19865,32459,12154,12081,31.385,95,490,400,0
0.285921,76,153,18252,29862,12566,12531,32.415,68,495,400,0
0.384726,118,237,22626,37032,12603,12536,32.5075,108,500,400,0
0.31768,92,185,19389,31721,12539,12491,32.3475,88,505,400,0
0.311449,86,173,19429,31820,12638,12595,32.595,74,510,400,0
0.353094,108,217,20367,33352,12355,12295,31.8875,105,515,400,0
0.31007,91,183,18502,30256,12481,12437,32.2025,91,520,400,0
0.368342,115,231,21837,35737,12445,12383,32.1125,94,525,400,0
0.324866,100,201,18960,31018,12036,11983,31.09,87,530,400,0
0.338521,99,199,19547,32008,11810,11758,30.525,92,535,400,0
0.342066,101,203,19782,32354,11892,11835,30.73,78,540,400,0
0.297527,85,171,17186,28081,11477,11431,29.6925,79,545,400,0
0.362476,115,231,19770,32355,11363,11295,29.4075,98,550,400,0
0.299815,87,175,17231,28107,11443,11392,29.6075,74,555,400,0
0.300238,88,177,16989,27748,11082,11031,28.705,82,560,400,0
0.296723,88,177,16407,26769,11212,11166,29.03,79,565,400,0
0.343627,107,215,19137,31231,11468,11414,29.67,93,570,400,0
0.349239,100,201,19296,31514,11802,11739,30.505,109,575,400,0
0.322979,94,189,18677,30515,11824,11757,30.56,83,580,400,0
0.298734,82,165,17764,29026,12366,12323,31.915,71,585,400,0
0.363264,108,217,20381,33343,12145,12084,31.3625,101,590,400,0
0.331522,100,201,19526,31956,12087,12022,31.2175,81,595,400,0
0.310726,90,181,18951,30998,12150,12103,31.375,73,600,400,0
0.363154,95,191,20653,33824,11986,11924,30.965,73,605,400,0
0.311294,90,181,17837,29176,11367,11316,29.4175,78,610,400,0
0.28355,77,155,16845,27520,11186,11151,28.965,79,615,400,0
0.312294,91,183,17664,28859,11089,11039,28.7225,77,620,400,0
0.303445,85,171,17240,28165,11185,11139,28.9625,81,625,400,0
0.306732,92,185,17653,28822,11451,11404,29.6275,83,630,400,0
0.330407,100,201,18242,29797,11334,11275,29.335,93,635,400,0
0.318163,97,195,17792,29038,11644,11601,30.11,89,640,400,0
0.321708,98,197,18537,30302,12014,11972,31.035,88,645,400,0
0.326505,95,191,19025,31102,12262,12210,31.655,85,650,400,0
0.306387,86,173,18514,30279,12499,12451,32.2475,80,655,400,0
0.31212,92,185,19118,31265,12684,12642,32.71,87,660,400,0
0.294151,82,165,17816,29161,12272,12230,31.68,76,665,400,0
0.345761,106,213,19980,32711,12054,12008,31.135,97,670,400,0
0.329712,90,181,19788,32378,12458,12405,32.145,92,675,400,0
0.328578,96,193,19354,31659,12302,12248,31.755,75,680,400,0
0.297722,81,163,17549,28747,11929,11883,30.8225,78,685,400,0
0.31225,81,163,18157,29715,11894,11848,30.735,73,690,400,0
0.311075,89,179,17987,29391,11842,11792,30.605,80,695,400,0
0.381563,116,233,20877,34148,12221,12160,31.5525,100,700,400,0
0.356153,110,221,20260,33185,12176,12122,31.44,103,705,400,0
0.314878,92,185,18453,30199,12139,12091,31.3475,90,710,400,0
0.344177,98,197,19095,31227,11802,11753,30.505,78,715,400,0
0.357167,114,229,19037,31132,11399,11334,29.4975,101,720,400,0
0.327997,96,193,18117,29595,11500,11447,29.75,77,725,400,0
0.352504,96,193,19318,31626,11535,11486,29.8375,95,730,400,0
0.344692,103,207,18553,30371,11208,11154,29.02,92,735,400,0
0.309858,91,183,16992,27767,11243,11196,29.1075,87,740,400,0
0.350198,105,211,18399,30063,11501,11443,29.7525,103,745,400,0
0.312713,86,173,17439,28514,11536,11486,29.84,85,750,400,0
0.349931,103,207,19109,31249,11581,11515,29.9525,89,755,400,0
0.371187,108,217,19691,32195,11908,11848,30.77,94,760,400,0
0.332954,93,187,19124,31315,11881,11829,30.7025,91,765,400,0
0.307874,89,179,17866,29225,11790,11742,30.475,78,770,400,0
0.320135,93,187,18683,30566,11919,11868,30.7975,78,775,400,0
0.279596,76,153,17288,28296,12121,12089,31.3025,73,780,400,0
0.342596,108,217,19281,31572,11708,11646,30.27,95,785,400,0
0.290098,77,155,17529,28711,12061,12021,31.1525,75,790,400,0
0.300085,82,165,17621,28821,11997,11939,30.9925,75,795,400,0
0.33195,98,197,18723,30645,11529,11469,29.8225,75,800,400,0
0.317673,89,179,17377,28436,11398,11353,29.495,87,805,400,0
0.314693,88,177,17406,28480,11637,11588,30.0925,82,810,400,0
0.323535,96,193,17977,29389,11504,11446,29.76,96,815,400,0
0.387044,107,215,20125,32884,11865,11806,30.6625,88,820,400,0
0.340677,93,187,19193,31379,12049,11978,31.1225,85,825,400,0
0.331041,103,207,18479,30220,12027,11963,31.0675,89,830,400,0
0.333588,100,201,19243,31477,12056,11991,31.14,80,835,400,0
0.352666,100,201,19615,32071,11671,11609,30.1775,93,840,400,0
0.359718,102,205,18898,30913,11786,11735,30.465,79,845,400,0
0.367348,102,205,19246,31445,12056,11988,31.14,88,850,400,0
0.369651,109,219,19649,32109,11981,11918,30.9525,93,855,400,0
0.338055,101,203,20493,33514,12564,12507,32.41,86,860,400,0
0.343375,99,199,21081,34499,12681,12627,32.7025,76,865,400,0
0.335069,98,197,19931,32611,12169,12113,31.4225,86,870,400,0
0.355362,109,219,20226,33079,12045,11981,31.1125,83,875,400,0
0.325563,98,197,18432,30139,11495,11439,29.7375,88,880,400,0
0.322065,93,187,18494,30267,11439,11387,29.5975,81,885,400,0
0.31346,91,183,18313,29932,11642,11589,30.105,82,890,400,0
0.333189,100,201,19027,31063,11946,11890,30.865,85,895,400,0
0.32099,93,187,18796,30735,12026,11969,31.065,83,900,400,0
0.34317,103,207,19731,32256,11996,11930,30.99,83,905,400,0
0.363616,112,225,20518,33545,11979,11914,30.9475,94,910,400,0
0.319318,92,185,18423,30142,11732,11684,30.33,81,915,400,0
0.364091,106,213,20359,33306,11896,11828,30.74,83,920,400,0
0.30247,85,171,17932,29328,11859,11810,30.6475,81,925,400,0
0.325029,93,187,18737,30641,11498,11454,29.745,86,930,400,0
0.293494,78,157,17988,29408,12057,12016,31.1425,75,935,400,0
0.352178,110,221,19524,31925,11889,11820,30.7225,86,940,400,0
0.325012,92,185,18696,30593,11767,11708,30.4175,75,945,400,0
0.338875,106,213,18434,30124,11394,11336,29.485,92,950,400,0
0.360165,104,209,18782,30726,10909,10840,28.2725,86,955,400,0
0.345907,112,225,17258,28136,10723,10659,27.8075,90,960,400,0
0.340014,109,219,18794,30685,11323,11267,29.3075,87,965,400,0
0.353871,99,199,18556,30326,11610,11549,30.025,85,970,400,0
0.311279,95,191,17116,27951,10966,10911,28.415,86,975,400,0
0.311762,95,191,15970,26063,10523,10471,27.3075,89,980,400,0
0.325694,97,195,16500,26892,10806,10744,28.015,92,985,400,0
0.322053,93,187,17742,28967,11049,10996,28.6225,86,990,400,0
0.331889,99,199,18459,30152,11485,11431,29.7125,76,995,400,0
0.329889,98,197,18005,29391,11638,11589,30.095,96,1000,400,0
0.329957,96,193,18383,30028,11564,11497,29.91,88,1005,400,0
0.347073,89,179,18901,30910,11948,11908,30.87,77,1010,400,0
0.33467,98,197,18679,30555,11575,11527,29.9375,91,1015,400,0
0.357339,111,223,19122,31234,11524,11462,29.81,98,1020,400,0
0.361877,108,217,19609,32056,11497,11433,29.7425,95,1025,400,0
0.322881,98,197,18343,29933,12096,12038,31.24,90,1030,400,0
0.312212,88,177,18513,30287,11834,11784,30.585,85,1035,400,0
0.321186,96,193,17799,29100,11270,11216,29.175,79,1040,400,0
0.31884,88,177,17618,28785,11466,11412,29.665,80,1045,400,0
0.325419,101,203,17742,28998,11117,11067,28.7925,97,1050,400,0
0.32222,94,189,17947,29321,11191,11137,28.9775,85,1055,400,0
0.284438,79,159,16837,27530,11443,11403,29.6075,58,1060,400,0
0.324754,91,183,18784,30722,11521,11464,29.8025,73,1065,400,0
0.34008,107,215,18624,30461,11331,11271,29.3275,87,1070,400,0
0.313918,96,193,16464,26871,10731,10677,27.8275,81,1075,400,0
0.316556,94,189,17281,28199,11311,11260,29.2775,87,1080,400,0
0.295498,79,159,18125,29644,11996,11951,30.99,77,1085,400,0
0.345609,99,199,20067,32847,11801,11740,30.5025,83,1090,400,0
0.324017,86,173,18294,29921,11837,11799,30.5925,78,1095,400,0
0.338894,88,177,18395,30076,11843,11790,30.6075,76,1100,400,0
0.322057,94,189,18591,30416,11657,11608,30.1425,80,1105,400,0
0.3213,97,195,18147,29656,11745,11692,30.3625,81,1110,400,0
0.395674,108,217,20546,33598,11866,11804,30.665,87,1115,400,0
0.376898,116,233,20977,34282,11933,11864,30.8325,90,1120,400,0
0.356124,106,213,20563,33656,12092,12018,31.23,94,1125,400,0
0.327052,94,189,18571,30371,11693,11634,30.2325,81,1130,400,0
0.311471,90,181,18024,29473,11417,11371,29.5425,83,1135,400,0
0.319551,97,195,17706,28950,11310,11260,29.275,84,1140,400,0
0.317213,93,187,16872,27540,11320,11263,29.3,84,1145,400,0
0.351713,111,223,19318,31550,11312,11247,29.28,82,1150,400,0
0.390393,103,207,18511,30232,11223,11160,29.0575,93,1155,400,0
0.324016,97,195,17723,28923,11188,11131,28.97,84,1160,400,0
0.331411,103,207,18632,30441,11314,11257,29.285,100,1165,400,0
0.329903,95,191,18483,30213,11419,11364,29.5475,100,1170,400,0
0.285668,79,159,17389,28444,11834,11787,30.585,75,1175,400,0
0.318284,94,189,18438,30182,11624,11576,30.06,79,1180,400,0
0.283237,79,159,16881,27593,11656,11618,30.14,70,1185,400,0
0.28059,79,159,16520,27027,11303,11265,29.2575,84,1190,400,0
0.294575,78,157,17075,27915,11379,11333,29.4475,72,1195,400,0
0.33764,100,201,19208,31384,11583,11521,29.9575,82,1200,400,0
0.300272,77,155,17550,28690,11318,11284,29.295,73,1205,400,0
0.310263,83,167,18001,29419,11786,11731,30.465,73,1210,400,0
0.337266,87,175,17881,29247,11623,11569,30.0575,86,1215,400,0
0.346287,92,185,18358,30060,11924,11870,30.81,72,1220,400,0
0.318932,86,173,18292,29942,11913,11858,30.7825,64,1225,400,0
0.31223,86,173,17478,28580,11656,11602,30.14,79,1230,400,0
0.333649,98,197,19149,31347,11535,11484,29.8375,83,1235,400,0
0.301523,87,175,17674,28893,11569,11523,29.9225,79,1240,400,0
0.320631,98,197,18335,29946,11460,11407,29.65,85,1245,400,0
0.311725,86,173,18721,30624,11708,11655,30.27,71,1250,400,0
0.351242,98,197,18145,29632,11521,11463,29.8025,89,1255,400,0
0.309134,91,183,17853,29164,11424,11373,29.56,83,1260,400,0
0.321787,95,191,17879,29194,11158,11107,28.895,97,1265,400,0
0.315215,90,181,18143,29614,11389,11342,29.4725,85,1270,400,0
0.319976,94,189,17933,29284,11357,11293,29.3925,81,1275,400,0
0.338644,103,207,17992,29362,11115,11052,28.7875,80,1280,400,0
0.30608,88,177,17532,28641,11181,11133,28.9525,83,1285,400,0
0.311372,89,179,17895,29230,11222,11187,29.055,75,1290,400,0
0.337849,94,189,17790,29042,11269,11221,29.1725,89,1295,400,0
0.34625,109,219,18624,30400,11340,11285,29.35,95,1300,400,0
0.293329,81,163,17807,29109,11896,11852,30.74,76,1305,400,0
0.325987,97,195,18602,30412,11686,11633,30.215,79,1310,400,0
0.35973,112,225,19309,31602,11406,11341,29.515,97,1315,400,0
0.324983,87,175,17144,28030,11435,11392,29.5875,79,1320,400,0
0.304316,87,175,17611,28790,11466,11416,29.665,85,1325,400,0
0.337161,102,205,19173,31343,11501,11450,29.7525,83,1330,400,0
0.293733,83,167,16743,27358,11572,11523,29.93,80,1335,400,0
0.311691,82,165,17105,27954,11393,11349,29.4825,76,1340,400,0
0.271466,67,135,16448,26832,11764,11726,30.41,57,1345,400,0
0.299061,86,173,17208,28108,11735,11693,30.3375,69,1350,400,0
0.330955,99,199,18859,30794,11646,11581,30.115,95,1355,400,0
0.322912,98,197,18554,30346,11753,11697,30.3825,77,1360,400,0
0.362555,111,223,19852,32427,11705,11643,30.2625,100,1365,400,0
0.339218,109,219,18823,30767,11549,11499,29.8725,90,1370,400,0
0.323277,96,193,18561,30366,11707,11654,30.2675,84,1375,400,0
0.343444,96,193,18692,30545,11815,11763,30.5375,85,1380,400,0
0.345211,101,203,19510,31863,11923,11865,30.8075,96,1385,400,0
0.378635,99,199,19522,31917,11973,11919,30.9325,93,1390,400,0
0.344622,101,203,19234,31437,11965,11908,30.9125,91,1395,400,0
0.367485,98,197,20390,33346,12503,12445,32.2575,81,1400,400,0
0.325168,95,191,19046,31198,12100,12053,31.25,86,1405,400,0
0.312859,90,181,17504,28632,11308,11271,29.27,73,1410,400,0
0.326284,98,197,17977,29382,11212,11158,29.03,94,1415,400,0
0.348158,101,203,19549,31958,11758,11693,30.395,90,1420,400,0
0.309036,86,173,18595,30450,11825,11782,30.5625,73,1425,400,0
0.375078,110,221,20237,33128,11561,11499,29.9025,94,1430,400,0
0.355231,107,215,19545,31939,11698,11638,30.245,91,1435,400,0
0.314553,89,179,18389,30078,12015,11966,31.0375,73,1440,400,0
0.301628,85,171,17510,28622,11863,11817,30.6575,86,1445,400,0
0.342139,102,205,19296,31553,11931,11873,30.8275,77,1450,400,0
0.316956,93,187,18367,30070,11787,11740,30.4675,93,1455,400,0
0.334082,101,203,18113,29619,11561,11499,29.9025,92,1460,400,0
0.316826,90,181,17722,29004,11563,11510,29.9075,77,1465,400,0
0.319954,93,187,18322,29996,11791,11737,30.4775,82,1470,400,0
0.352244,109,219,19370,31709,11712,11646,30.28,92,1475,400,0
0.302446,86,173,18140,29679,12026,11982,31.065,79,1480,400,0
0.352318,104,209,20119,32878,12008,11945,31.02,86,1485,400,0
0.308964,88,177,18380,30068,11885,11841,30.7125,75,1490,400,0
0.33673,100,201,20070,32866,12438,12381,32.095,77,1495,400,0
0.356474,109,219,19907,32566,11842,11784,30.605,93,1500,400,0
0.312682,88,177,17606,28788,11608,11555,30.02,83,1505,400,0
0.339169,105,211,18857,30865,11375,11311,29.4375,97,1510,400,0
0.335429,100,201,18754,30668,11374,11324,29.435,97,1515,400,0
0.302062,83,167,18306,29933,12055,12004,31.1375,68,1520,400,0
0.317499,96,193,18156,29706,11737,11684,30.3425,86,1525,400,0
0.343568,101,203,19007,31075,11605,11541,30.0125,83,1530,400,0
0.296105,84,169,16791,27433,11156,11114,28.89,79,1535,400,0
0.311672,93,187,17321,28306,11156,11102,28.89,86,1540,400,0
0.335769,101,203,18475,30210,11088,11031,28.72,87,1545,400,0
0.327704,96,193,18868,30851,11658,11604,30.145,78,1550,400,0
0.330581,97,195,19167,31340,11681,11638,30.2025,82,1555,400,0
0.339905,100,201,20106,32910,12291,12236,31.7275,92,1560,400,0
0.349919,104,209,20186,33046,12072,12015,31.18,90,1565,400,0
0.338034,103,207,19126,31311,11559,11506,29.8975,91,1570,400,0
0.322325,93,187,18605,30414,11957,11905,30.8925,89,1575,400,0
0.344346,99,199,19805,32380,12224,12171,31.56,82,1580,400,0
0.365605,106,213,19641,32125,12175,12124,31.4375,89,1585,400,0
0.360322,108,217,20478,33506,12112,12046,31.28,84,1590,400,0
0.31349,88,177,18506,30280,12137,12089,31.3425,84,1595,400,0
0.327481,97,195,18799,30741,11943,11897,30.8575,85,1600,400,0
0.312383,85,171,18671,30612,12319,12286,31.7975,77,1605,400,0
0.318769,89,179,18832,30822,12290,12242,31.725,79,1610,400,0
0.303176,85,171,18206,29806,12050,12011,31.125,76,1615,400,0
0.29665,78,157,17485,28601,11999,11955,30.9975,68,1620,400,0
0.347215,102,205,18870,30841,11661,11606,30.1525,90,1625,400,0
0.335051,101,203,18693,30564,11443,11388,29.6075,94,1630,400,0
0.356789,110,221,18655,30447,10917,10851,28.2925,89,1635,400,0
0.376724,104,209,18146,29623,11237,11177,29.0925,92,1640,400,0
0.39115,115,231,19920,32538,11473,11408,29.6825,93,1645,400,0
0.406056,119,239,20049,32763,11219,11147,29.0475,105,1650,400,0
0.320414,94,189,17897,29256,11328,11285,29.32,79,1655,400,0
0.403591,121,243,19203,31332,11211,11135,29.0275,102,1660,400,0
0.322827,91,183,17554,28648,11671,11627,30.1775,78,1665,400,0
0.297193,83,167,17425,28465,11775,11727,30.4375,78,1670,400,0
0.28954,72,145,17358,28366,11774,11739,30.435,68,1675,400,0
0.3634,108,217,18932,30922,11633,11586,30.0825,98,1680,400,0
0.395617,114,229,21700,35511,11773,11706,30.4325,86,1685,400,0
0.340243,100,201,18914,30910,12057,12007,31.1425,76,1690,400,0
0.370315,111,223,20595,33726,12207,12158,31.5175,97,1695,400,0
0.348414,106,213,19122,31303,12107,12042,31.2675,90,1700,400,0
0.376296,98,197,18993,31066,11675,11614,30.1875,92,1705,400,0
0.344336,89,179,17692,28849,11273,11227,29.1825,79,1710,400,0
0.282129,73,147,16304,26638,11284,11245,29.21,68,1715,400,0
0.354762,103,207,18975,31006,11179,11114,28.9475,89,1720,400,0
0.406507,112,225,19883,32477,11167,11083,28.9175,88,1725,400,0
0.321571,95,191,18007,29402,11115,11062,28.7875,81,1730,400,0
0.305016,86,173,17564,28686,11110,11056,28.775,67,1735,400,0
0.328161,92,185,17837,29126,10800,10737,28,76,1740,400,0
0.3528,99,199,17114,27944,10681,10621,27.7025,79,1745,400,0
0.274162,78,157,15720,25666,10941,10906,28.3525,71,1750,400,0
0.320583,98,197,18205,29714,11422,11361,29.555,88,1755,400,0
0.308123,91,183,17710,28947,11491,11439,29.7275,92,1760,400,0
0.349261,107,215,20012,32714,11493,11434,29.7325,85,1765,400,0
0.344723,103,207,19556,31983,11107,11050,28.7675,82,1770,400,0
0.334985,98,197,19918,32553,11592,11542,29.98,92,1775,400,0
0.345593,102,205,19149,31319,11441,11379,29.6025,92,1780,400,0
0.311979,91,183,18171,29722,11815,11765,30.5375,82,1785,400,0
0.332893,91,183,18450,30167,12091,12034,31.2275,92,1790,400,0
0.322005,93,187,20015,32761,12372,12318,31.93,79,1795,400,0
0.276923,69,139,18089,29613,12404,12366,32.01,65,1800,400,0
0.339769,104,209,19954,32683,12088,12036,31.22,82,1805,400,0
0.31408,93,187,18777,30775,11838,11789,30.595,82,1810,400,0
0.309517,91,183,17857,29235,11910,11862,30.775,77,1815,400,0
0.313112,94,189,18174,29725,11808,11745,30.52,81,1820,400,0
0.374535,104,209,20094,32880,11751,11698,30.3775,88,1825,400,0
0.313062,88,177,18209,29783,11430,11378,29.575,69,1830,400,0
0.338764,89,179,17588,28740,11436,11382,29.59,83,1835,400,0
0.30497,91,183,17662,28865,11891,11840,30.7275,91,1840,400,0
0.344934,99,199,18865,30869,12184,12129,31.46,89,1845,400,0
0.311269,93,187,18296,29920,11971,11922,30.9275,82,1850,400,0
0.321349,92,185,19252,31493,12011,11955,31.0275,80,1855,400,0
0.320579,96,193,19338,31671,11843,11801,30.6075,79,1860,400,0
0.337102,100,201,20189,33021,11999,11948,30.9975,84,1865,400,0
0.330599,97,195,19411,31749,12102,12049,31.255,87,1870,400,0
0.332604,99,199,18850,30851,11764,11704,30.41,91,1875,400,0
0.322266,91,183,17873,29290,11485,11437,29.7125,73,1880,400,0
0.33687,104,209,18834,30767,11479,11422,29.6975,95,1885,400,0
0.307314,91,183,17611,28799,11487,11433,29.7175,87,1890,400,0
0.347188,109,219,19374,31666,11668,11588,30.17,91,1895,400,0
0.361288,118,237,20485,33488,11736,11673,30.34,94,1900,400,0
0.337403,107,215,19070,31164,11543,11480,29.8575,86,1905,400,0
0.335436,100,201,19796,32322,12225,12162,31.5625,74,1910,400,0
0.319681,93,187,19263,31546,11835,11784,30.5875,83,1915,400,0
0.292151,88,177,17324,28367,11646,11606,30.115,74,1920,400,0
0.289479,82,165,17685,28938,11963,11921,30.9075,73,1925,400,0
0.324047,97,195,18601,30463,11842,11780,30.605,98,1930,400,0
0.337512,104,209,19324,31656,11693,11635,30.2325,99,1935,400,0
0.289998,84,169,17247,28199,11181,11137,28.9525,73,1940,400,0
0.296183,87,175,16929,27650,11395,11343,29.4875,80,1945,400,0
0.321826,85,171,17925,29281,11673,11636,30.1825,66,1950,400,0
0.338781,107,215,19343,31610,11796,11735,30.49,91,1955,400,0
0.300201,87,175,17746,29005,12006,11954,31.015,84,1960,400,0
0.356616,112,225,19655,32115,11767,11701,30.4175,81,1965,400,0
0.378567,114,229,21233,34730,12314,12235,31.785,83,1970,400,0
0.376419,120,241,20926,34201,11882,11809,30.705,95,1975,400,0
0.280604,77,155,17471,28554,11996,11956,30.99,65,1980,400,0
0.294377,85,171,17722,28977,11723,11682,30.3075,86,1985,400,0
0.31207,86,173,18785,30723,11780,11725,30.45,81,1990,400,0
0.327274,97,195,18725,30609,11827,11769,30.5675,90,1995,400,0
0.349417,104,209,19138,31271,11202,11143,29.005,84,2000,400,0
0.329643,103,207,18282,29858,11226,11163,29.065,91,2005,400,0
0.250591,65,131,15575,25451,11233,11195,29.0825,60,2010,400,0
0.329754,100,201,19026,31091,11195,11141,28.9875,89,2015,400,0
0.34888,107,215,19141,31280,11301,11237,29.2525,101,2020,400,0
0.316227,96,193,17286,28214,11149,11093,28.8725,93,2025,400,0
0.303645,89,179,17387,28370,11307,11254,29.2675,78,2030,400,0
0.34189,104,209,18152,29668,10842,10787,28.105,96,2035,400,0
0.317103,97,195,17438,28464,10991,10943,28.4775,86,2040,400,0
0.29445,84,169,16882,27569,11453,11406,29.6325,77,2045,400,0
0.30226,92,185,17247,28165,11473,11435,29.6825,80,2050,400,0
0.311525,92,185,18236,29825,11800,11752,30.5,82,2055,400,0
0.308416,84,169,18536,30323,12270,12239,31.675,75,2060,400,0
0.325902,96,193,18543,30353,12223,12174,31.5575,87,2065,400,0
0.357731,107,215,19450,31874,11829,11785,30.5725,85,2070,400,0
0.344906,94,189,18559,30375,11835,11775,30.5875,82,2075,400,0
0.367642,113,227,21256,34790,12509,12451,32.2725,97,2080,400,0
0.361008,112,225,21036,34423,12386,12318,31.965,86,2085,400,0
0.36516,99,199,18756,30710,11733,11675,30.3325,91,2090,400,0
0.315894,93,187,17409,28461,11537,11485,29.8425,88,2095,400,0
0.349733,109,219,18908,30873,11344,11277,29.36,93,2100,400,0
0.349635,102,205,19415,31704,11871,11812,30.6775,81,2105,400,0
0.327832,100,201,18911,30911,12106,12052,31.265,87,2110,400,0
0.323197,94,189,19045,31126,12354,12301,31.885,76,2115,400,0
0.344915,105,211,20415,33394,12855,12794,33.1375,84,2120,400,0
0.344604,105,211,20445,33496,12266,12213,31.665,85,2125,400,0
0.313837,88,177,18797,30754,12058,12011,31.145,70,2130,400,0
0.319108,80,161,17162,28077,11851,11810,30.6275,71,2135,400,0
0.311474,89,179,18687,30604,12226,12170,31.565,82,2140,400,0
0.360733,112,225,20969,34336,12161,12095,31.4025,85,2145,400,0
0.308981,87,175,18282,29932,11838,11788,30.595,83,2150,400,0
0.292973,79,159,17811,29156,12040,12001,31.1,74,2155,400,0
0.363801,105,211,20598,33731,11862,11802,30.655,102,2160,400,0
0.319541,96,193,18287,29897,11946,11894,30.865,88,2165,400,0
0.303608,75,151,17222,28169,11950,11913,30.875,73,2170,400,0
0.297802,82,165,17746,29029,12067,12021,31.1675,69,2175,400,0
0.280262,75,151,17064,27893,11807,11771,30.5175,75,2180,400,0
0.307339,87,175,18406,30086,11901,11860,30.7525,77,2185,400,0
0.3492,95,191,18324,29945,11710,11658,30.275,81,2190,400,0
0.336466,106,213,18561,30303,11667,11606,30.1675,89,2195,400,0
0.312553,86,173,18383,30062,12030,11979,31.075,76,2200,400,0
0.335754,96,193,18610,30421,11785,11728,30.4625,96,2205,400,0
0.325633,97,195,18857,30855,11940,11891,30.85,80,2210,400,0
0.296111,82,165,17620,28833,11905,11859,30.7625,83,2215,400,0
0.313708,94,189,18091,29595,11732,11684,30.33,86,2220,400,0
0.301826,87,175,18209,29790,11920,11877,30.8,84,2225,400,0
0.324802,101,203,18657,30523,11903,11855,30.7575,87,2230,400,0
0.309699,89,179,18180,29756,11684,11626,30.21,82,2235,400,0
0.324433,97,195,18700,30576,11711,11657,30.2775,70,2240,400,0
0.304009,83,167,18522,30323,11747,11706,30.3675,63,2245,400,0
0.29152,85,171,16675,27274,11361,11309,29.4025,79,2250,400,0
0.288818,79,159,16085,26280,11236,11191,29.09,74,2255,400,0
0.341674,100,201,18420,30096,11190,11126,28.975,86,2260,400,0
0.301401,87,175,17374,28386,11461,11413,29.6525,91,2265,400,0
0.322329,91,183,18756,30662,11870,11810,30.675,78,2270,400,0
0.316271,89,179,18871,30864,12028,11976,31.07,83,2275,400,0
0.365065,92,185,19824,32464,11719,11665,30.2975,86,2280,400,0
0.370423,112,225,19558,32004,11421,11357,29.5525,102,2285,400,0
0.388633,115,231,21824,35750,12307,12241,31.7675,93,2290,400,0
0.36435,101,203,21403,35080,13022,12967,33.555,89,2295,400,0
0.398404,111,223,22513,36888,12673,12607,32.6825,94,2300,400,0
0.400305,117,235,22004,36048,12659,12594,32.6475,94,2305,400,0
0.334783,98,197,19138,31333,12154,12102,31.385,86,2310,400,0
0.325456,86,173,18383,30087,11903,11861,30.7575,68,2315,400,0
0.401786,109,219,19258,31504,11305,11239,29.2625,90,2320,400,0
0.326375,98,197,18352,30004,11409,11362,29.5225,85,2325,400,0
0.287766,79,159,16543,27038,10958,10914,28.395,74,2330,400,0
0.280945,73,147,15988,26145,10766,10727,27.915,66,2335,400,0
0.342596,98,197,17672,28885,10897,10842,28.2425,76,2340,400,0
0.282631,75,151,16084,26276,11047,11007,28.6175,70,2345,400,0
0.278335,79,159,15893,25953,10943,10901,28.3575,73,2350,400,0
0.299002,86,173,16411,26805,10926,10876,28.315,73,2355,400,0
0.326638,96,193,18055,29514,11327,11271,29.3175,89,2360,400,0
0.298516,83,167,17227,28156,11395,11342,29.4875,69,2365,400,0
0.324705,91,183,18865,30876,11516,11463,29.79,72,2370,400,0
0.329981,101,203,18713,30590,11448,11404,29.62,89,2375,400,0
0.39767,109,219,19488,31831,11343,11273,29.3575,87,2380,400,0
0.321102,92,185,17632,28784,11248,11193,29.12,81,2385,400,0
0.323771,92,185,18629,30427,11754,11699,30.385,84,2390,400,0
0.33022,95,191,19185,31354,12012,11958,31.03,82,2395,400,0
0.327234,96,193,19388,31708,11711,11656,30.2775,86,2400,400,0
0.400225,129,259,21615,35335,11819,11742,30.5475,95,2405,400,0
0.378711,115,231,20993,34328,11791,11727,30.4775,111,2410,400,0
0.335886,97,195,19133,31295,11949,11893,30.8725,82,2415,400,0
0.335889,104,209,19675,32182,12143,12087,31.3575,82,2420,400,0
0.323225,96,193,18698,30579,12242,12185,31.605,89,2425,400,0
0.366967,115,231,20199,33015,11869,11796,30.6725,97,2430,400,0
0.350399,107,215,19299,31545,11900,11838,30.75,83,2435,400,0
0.362255,100,201,18596,30414,11637,11583,30.0925,89,2440,400,0
0.33485,97,195,18286,29905,11480,11423,29.7,89,2445,400,0
0.282444,75,151,16743,27341,11680,11642,30.2,72,2450,400,0
0.309881,90,181,18048,29517,11638,11590,30.095,89,2455,400,0
0.307635,90,181,18586,30383,12194,12151,31.485,78,2460,400,0
0.37039,109,219,19357,31660,11832,11771,30.58,90,2465,400,0
0.346543,105,211,19021,31068,11693,11622,30.2325,91,2470,400,0
0.329442,93,187,18695,30542,11552,11503,29.88,71,2475,400,0
0.383301,108,217,19769,32298,11438,11373,29.595,85,2480,400,0
0.307568,87,175,17230,28133,11559,11510,29.8975,87,2485,400,0
0.312445,91,183,17454,28550,11598,11544,29.995,86,2490,400,0
0.31372,88,177,18091,29578,11824,11771,30.56,84,2495,400,0
0.318353,96,193,18205,29787,11913,11864,30.7825,90,2500,400,0
0.295527,78,157,17681,28947,12049,12006,31.1225,72,2505,400,0
0.315384,94,189,18185,29731,11442,11388,29.605,95,2510,400,0
0.325806,97,195,18667,30548,11417,11360,29.5425,81,2515,400,0
0.340077,101,203,18633,30462,11397,11336,29.4925,89,2520,400,0
0.304803,85,171,17362,28347,11152,11106,28.88,67,2525,400,0
0.336223,104,209,19323,31585,11462,11400,29.655,97,2530,400,0
0.330459,94,189,19338,31580,11629,11576,30.0725,93,2535,400,0
0.307105,88,177,18199,29743,11591,11546,29.9775,81,2540,400,0
0.369869,107,215,19949,32577,11419,11349,29.5475,90,2545,400,0
0.307498,81,163,18779,30698,12300,12252,31.75,75,2550,400,0
0.320628,91,183,18599,30422,12252,12194,31.63,78,2555,400,0
0.31783,91,183,19088,31249,12258,12214,31.645,83,2560,400,0
0.31708,78,157,18591,30451,12215,12177,31.5375,71,2565,400,0
0.320126,91,183,19178,31385,12226,12174,31.565,81,2570,400,0
0.340227,98,197,20469,33543,12167,12102,31.4175,80,2575,400,0
0.318129,90,181,19034,31142,12111,12060,31.2775,92,2580,400,0
0.34041,104,209,20116,32914,12046,11999,31.115,86,2585,400,0
0.331293,103,207,18497,30248,11694,11635,30.235,88,2590,400,0
0.329546,100,201,18946,31002,11853,11789,30.6325,74,2595,400,0
0.378072,113,227,21378,34996,11902,11840,30.755,92,2600,400,0
0.291549,84,169,17025,27856,11542,11495,29.855,73,2605,400,0
0.293107,82,165,17650,28906,12088,12048,31.22,68,2610,400,0
0.325223,96,193,19560,32027,12272,12222,31.68,88,2615,400,0
0.3086,89,179,18581,30411,12061,12018,31.1525,82,2620,400,0
0.28092,78,157,16864,27587,11741,11699,30.3525,70,2625,400,0
0.325045,100,201,18500,30257,11214,11169,29.035,70,2630,400,0
0.334657,105,211,18264,29887,11194,11137,28.985,82,2635,400,0
0.309014,92,185,17996,29441,11509,11457,29.7725,86,2640,400,0
0.294763,82,165,16678,27246,11173,11123,28.9325,75,2645,400,0
0.312432,89,179,16881,27543,11024,10960,28.56,82,2650,400,0
0.305423,89,179,17171,28044,11028,10987,28.57,82,2655,400,0
0.316942,92,185,17968,29316,11385,11330,29.4625,82,2660,400,0
0.331136,99,199,19533,31914,11988,11937,30.97,92,2665,400,0
0.321795,93,187,18993,31060,11913,11867,30.7825,82,2670,400,0
0.319181,91,183,18286,29897,11855,11798,30.6375,89,2675,400,0
0.320117,84,169,17367,28413,11513,11468,29.7825,88,2680,400,0
0.317255,97,195,18003,29417,11595,11542,29.9875,73,2685,400,0
0.358332,104,209,19007,31078,11527,11475,29.8175,88,2690,400,0
0.321542,93,187,17925,29282,11409,11350,29.5225,87,2695,400,0
0.354576,109,219,19236,31398,11662,11597,30.155,94,2700,400,0
0.37562,122,245,20443,33370,11937,11877,30.8425,99,2705,400,0
0.327183,95,191,18787,30707,11752,11708,30.38,92,2710,400,0
0.35924,111,223,19138,31250,11473,11398,29.6825,83,2715,400,0
0.322513,99,199,17751,29001,11253,11202,29.1325,78,2720,400,0
0.315766,93,187,18365,29996,11622,11566,30.055,80,2725,400,0
0.289239,78,157,17104,27938,11591,11547,29.9775,72,2730,400,0
0.343535,98,197,19836,32458,11950,11890,30.875,85,2735,400,0
0.315161,93,187,18903,30922,11856,11815,30.64,86,2740,400,0
0.339093,105,211,18785,30721,11676,11619,30.19,91,2745,400,0
0.318408,93,187,18394,30055,11832,11778,30.58,92,2750,400,0
0.326834,99,199,18774,30671,11987,11930,30.9675,89,2755,400,0
0.294131,86,173,17231,28174,11450,11403,29.625,81,2760,400,0
0.338941,107,215,18615,30392,11637,11580,30.0925,87,2765,400,0
0.320907,96,193,18737,30614,11480,11434,29.7,87,2770,400,0
0.302907,86,173,17314,28314,11189,11135,28.9725,80,2775,400,0
0.319705,93,187,17954,29330,11385,11328,29.4625,86,2780,400,0
0.316554,93,187,18510,30263,12071,12012,31.1775,79,2785,400,0
0.349979,112,225,18969,30989,12182,12118,31.455,102,2790,400,0
0.350687,105,211,20677,33833,12021,11964,31.0525,87,2795,400,0
0.316878,91,183,19201,31426,11924,11877,30.81,78,2800,400,0
0.328236,97,195,18867,30883,11903,11859,30.7575,75,2805,400,0
0.318,94,189,18819,30823,11635,11591,30.0875,84,2810,400,0
0.327705,89,179,18075,29572,11822,11781,30.555,76,2815,400,0
0.296889,84,169,18354,30012,12039,11992,31.0975,81,2820,400,0
0.349709,106,213,20166,32965,11850,11791,30.625,91,2825,400,0
0.347657,108,217,19467,31836,11701,11648,30.2525,96,2830,400,0
0.338807,104,209,18824,30786,11248,11193,29.12,79,2835,400,0
0.315413,93,187,18803,30745,11794,11739,30.485,77,2840,400,0
0.327687,100,201,18908,30914,11519,11464,29.7975,91,2845,400,0
0.302524,88,177,17771,29028,11555,11505,29.8875,75,2850,400,0
0.302029,85,171,18587,30400,11888,11847,30.72,74,2855,400,0
0.329702,99,199,18737,30638,11716,11654,30.29,82,2860,400,0
0.323423,95,191,18864,30848,11888,11839,30.72,90,2865,400,0
0.369386,115,231,20539,33608,12004,11939,31.01,100,2870,400,0
0.351122,108,217,20546,33625,12385,12332,31.9625,96,2875,400,0
0.339399,104,209,19785,32404,12322,12266,31.805,106,2880,400,0
0.365445,117,235,20425,33452,11926,11858,30.815,106,2885,400,0
0.314985,93,187,17370,28411,11498,11449,29.745,83,2890,400,0
0.311088,89,179,18594,30435,12041,12004,31.1025,70,2895,400,0
0.337422,101,203,18966,31012,11527,11468,29.8175,81,2900,400,0
0.32343,98,197,18957,31003,11897,11847,30.7425,75,2905,400,0
0.306132,86,173,18618,30437,12003,11961,31.0075,80,2910,400,0
0.323682,101,203,19201,31444,12122,12078,31.305,97,2915,400,0
0.331607,102,205,19552,32030,12057,12001,31.1425,94,2920,400,0
0.353187,100,201,20933,34256,12127,12070,31.3175,88,2925,400,0
0.324755,93,187,19279,31562,12000,11956,31,87,2930,400,0
0.304358,81,163,17858,29230,12273,12226,31.6825,78,2935,400,0
0.324856,99,199,19131,31344,11999,11949,30.9975,89,2940,400,0
0.327556,99,199,18502,30275,11810,11749,30.525,91,2945,400,0
0.352656,109,219,19521,31941,11510,11439,29.775,79,2950,400,0
0.329015,99,199,18566,30348,11653,11602,30.1325,84,2955,400,0
0.353368,101,203,18709,30597,11524,11460,29.81,95,2960,400,0
0.396056,125,251,20912,34213,11623,11536,30.0575,89,2965,400,0
0.358416,110,221,19630,32108,11838,11783,30.595,101,2970,400,0
0.355115,110,221,20121,32914,11947,11896,30.8675,87,2975,400,0
0.341651,103,207,18919,30943,12155,12093,31.3875,88,2980,400,0
0.316314,94,189,18644,30521,12239,12187,31.5975,83,2985,400,0
0.38273,112,225,21858,35822,12325,12256,31.8125,98,2990,400,0
0.301118,83,167,17790,29133,12098,12045,31.245,71,2995,400,0
0.336743,97,195,18932,30982,12049,11995,31.1225,96,3000,400,0
0.338301,96,193,19722,32273,11854,11791,30.635,74,3005,400,0
0.351588,107,215,19584,32023,11362,11291,29.405,82,3010,400,0
0.338774,102,205,18917,30897,11447,11389,29.6175,78,3015,400,0
0.281385,76,153,16605,27142,11336,11297,29.34,71,3020,400,0
0.316714,96,193,17232,28130,11269,11212,29.1725,89,3025,400,0
0.318025,88,177,18192,29720,11792,11733,30.48,79,3030,400,0
0.323483,94,189,19014,31095,11919,11871,30.7975,82,3035,400,0
0.331033,94,189,19256,31524,12080,12022,31.2,86,3040,400,0
0.323798,94,189,18557,30337,11741,11685,30.3525,84,3045,400,0
0.320321,90,181,18880,30886,12093,12047,31.2325,85,3050,400,0
0.350331,104,209,19307,31563,11980,11922,30.95,89,3055,400,0
0.389517,118,237,21908,35856,12332,12259,31.83,84,3060,400,0
0.352049,105,211,20490,33507,12610,12553,32.525,94,3065,400,0
0.325433,93,187,19152,31375,12118,12066,31.295,82,3070,400,0
0.331543,91,183,18867,30882,12080,12027,31.2,74,3075,400,0
0.341288,102,205,19029,31110,11504,11447,29.76,89,3080,400,0
0.334114,94,189,18877,30880,11174,11123,28.935,81,3085,400,0
0.323387,98,197,18208,29763,11496,11444,29.74,77,3090,400,0
0.305067,87,175,17117,27996,11394,11348,29.485,81,3095,400,0
0.312581,90,181,18148,29675,11783,11745,30.4575,80,3100,400,0
0.339985,97,195,19371,31671,11951,11890,30.8775,82,3105,400,0
0.286343,73,147,17090,27917,12042,11999,31.105,68,3110,400,0
0.313918,89,179,18217,29795,11914,11860,30.785,83,3115,400,0
0.309748,85,171,18825,30790,12078,12033,31.195,77,3120,400,0
0.310415,90,181,17779,29047,11535,11490,29.8375,79,3125,400,0
0.318832,93,187,18008,29430,11477,11426,29.6925,79,3130,400,0
0.358501,107,215,19211,31413,11642,11581,30.105,100,3135,400,0
0.320942,91,183,18951,31014,12087,12037,31.2175,77,3140,400,0
0.312847,86,173,17891,29230,11930,11884,30.825,79,3145,400,0
0.335002,102,205,19147,31306,11974,11923,30.935,90,3150,400,0
0.315642,95,191,17904,29255,11652,11603,30.13,71,3155,400,0
0.324645,97,195,18051,29496,11576,11516,29.94,85,3160,400,0
0.343523,101,203,19187,31403,11516,11465,29.79,95,3165,400,0
0.302087,86,173,17346,28344,11396,11349,29.49,77,3170,400,0
0.330817,100,201,18272,29827,11460,11406,29.65,78,3175,400,0
0.331697,88,177,18079,29538,11691,11645,30.2275,74,3180,400,0
0.306482,86,173,17665,28848,11809,11767,30.5225,77,3185,400,0
0.309413,88,177,18159,29667,11975,11932,30.9375,82,3190,400,0
0.313303,89,179,18034,29473,11608,11559,30.02,84,3195,400,0
0.303136,82,165,18288,29917,11968,11923,30.92,78,3200,400,0
0.318055,86,173,19291,31552,12014,11961,31.035,83,3205,400,0
0.350415,102,205,20065,32801,12015,11957,31.0375,93,3210,400,0
0.325348,96,193,18377,30033,11925,11877,30.8125,89,3215,400,0
0.315477,88,177,18477,30202,12306,12259,31.765,77,3220,400,0
0.322261,91,183,19020,31125,12457,12403,32.1425,84,3225,400,0
0.394936,119,239,22570,36942,12410,12332,32.025,94,3230,400,0
0.289375,75,151,17806,29154,12436,12390,32.09,68,3235,400,0
0.301643,84,169,18552,30368,12215,12171,31.5375,75,3240,400,0
0.322408,94,189,18329,29990,11832,11774,30.58,86,3245,400,0
0.317419,94,189,17988,29422,11438,11389,29.595,91,3250,400,0
0.319484,92,185,18100,29596,11957,11905,30.8925,78,3255,400,0
0.354924,110,221,19757,32300,11947,11888,30.8675,86,3260,400,0
0.273513,68,137,16924,27718,11909,11870,30.7725,64,3265,400,0
0.335769,100,201,18809,30753,11995,11942,30.9875,86,3270,400,0
0.380426,115,231,20971,34304,11999,11926,30.9975,104,3275,400,0
0.298532,80,161,18091,29621,12055,12023,31.1375,71,3280,400,0
0.350851,106,213,19744,32332,11979,11924,30.9475,95,3285,400,0
0.291208,76,153,17435,28533,11847,11803,30.6175,65,3290,400,0
0.297916,81,163,17343,28365,11683,11641,30.2075,75,3295,400,0
0.331686,94,189,19045,31099,11945,11890,30.8625,92,3300,400,0
0.384439,107,215,20261,33114,11890,11829,30.725,99,3305,400,0
0.328028,94,189,18862,30845,12284,12236,31.71,87,3310,400,0
0.341664,87,175,18671,30544,12118,12069,31.295,81,3315,400,0
0.309958,83,167,17767,29063,12066,12026,31.165,84,3320,400,0
0.401558,107,215,20237,33089,12438,12374,32.095,88,3325,400,0
0.360687,103,207,20166,32974,12449,12390,32.1225,91,3330,400,0
0.33472,100,201,19134,31294,12027,11976,31.0675,84,3335,400,0
0.342877,103,207,18371,30033,11417,11369,29.5425,81,3340,400,0
0.305251,89,179,16860,27554,11360,11317,29.4,83,3345,400,0
0.317385,91,183,17835,29151,11720,11675,30.3,88,3350,400,0
0.347842,106,213,18320,29967,11298,11242,29.245,102,3355,400,0
0.345892,102,205,18352,30014,11079,11022,28.6975,91,3360,400,0
0.356958,106,213,18703,30521,11044,10985,28.61,97,3365,400,0
0.332352,91,183,17831,29093,10910,10848,28.275,82,3370,400,0
0.307411,83,167,17474,28497,11743,11697,30.3575,73,3375,400,0
0.300873,82,165,18211,29748,12200,12148,31.5,72,3380,400,0
0.331133,87,175,19764,32328,12348,12294,31.87,78,3385,400,0
0.332957,93,187,19846,32488,12560,12512,32.4,82,3390,400,0
0.359986,106,213,20923,34258,12451,12396,32.1275,91,3395,400,0
0.376501,115,231,20668,33846,12152,12087,31.38,90,3400,400,0
0.359982,112,225,19761,32348,11901,11838,30.7525,97,3405,400,0
0.326248,95,191,17961,29366,11691,11641,30.2275,95,3410,400,0
0.381356,116,233,20421,33376,11541,11465,29.8525,95,3415,400,0
0.338145,96,193,18998,31076,11570,11514,29.925,83,3420,400,0
0.305151,83,167,16894,27611,11276,11225,29.19,75,3425,400,0
0.315858,93,187,17235,28152,11203,11149,29.0075,78,3430,400,0
0.328369,104,209,17803,29065,11234,11178,29.085,84,3435,400,0
0.356503,113,227,20223,33046,11484,11423,29.71,85,3440,400,0
0.350919,113,227,19627,32063,11728,11665,30.32,101,3445,400,0
0.305448,92,185,18094,29569,11651,11602,30.1275,89,3450,400,0
0.331553,107,215,18534,30300,11438,11378,29.595,98,3455,400,0
0.302361,86,173,17681,28892,11537,11496,29.8425,70,3460,400,0
0.321886,94,189,18817,30760,11412,11350,29.53,77,3465,400,0
0.335223,96,193,19660,32140,11778,11721,30.445,70,3470,400,0
0.329191,99,199,19119,31246,11791,11743,30.4775,90,3475,400,0
0.3326,101,203,18838,30786,12019,11968,31.0475,88,3480,400,0
0.371581,117,235,21907,35867,12086,12026,31.215,87,3485,400,0
0.327494,99,199,19528,31962,12520,12463,32.3,93,3490,400,0
0.354162,113,227,20927,34285,12266,12211,31.665,87,3495,400,0
0.330158,100,201,19745,32380,12354,12303,31.885,89,3500,400,0
0.327417,96,193,19698,32286,12162,12112,31.405,84,3505,400,0
0.333459,101,203,19598,32079,12309,12248,31.7725,89,3510,400,0
0.331186,98,197,19929,32628,12285,12231,31.7125,88,3515,400,0
0.349486,108,217,19698,32263,12091,12029,31.2275,96,3520,400,0
0.333479,98,197,19683,32216,12388,12330,31.97,89,3525,400,0
0.30671,93,187,18751,30698,12337,12294,31.8425,84,3530,400,0
0.303268,84,169,18116,29665,11779,11726,30.4475,75,3535,400,0
0.323704,95,191,18618,30439,11895,11835,30.7375,81,3540,400,0
0.352492,103,207,19504,31918,11903,11849,30.7575,88,3545,400,0
0.290916,81,163,17732,29040,11984,11943,30.96,80,3550,400,0
0.326529,97,195,20278,33234,12463,12411,32.1575,98,3555,400,0
0.300738,86,173,18899,30950,12707,12658,32.7675,73,3560,400,0
0.321811,89,179,20084,32896,12506,12452,32.265,84,3565,400,0
0.331413,101,203,19855,32511,12265,12204,31.6625,73,3570,400,0
0.285687,75,151,18137,29687,12354,12307,31.885,72,3575,400,0
0.325794,104,209,19331,31644,12230,12179,31.575,87,3580,400,0
0.334841,102,205,19905,32580,12253,12201,31.6325,82,3585,400,0
0.304141,87,175,18570,30382,12201,12144,31.5025,76,3590,400,0
0.298785,85,171,18413,30138,12314,12271,31.785,70,3595,400,0
0.307953,90,181,18939,30971,12408,12365,32.02,76,3600,400,0
0.317893,91,183,19256,31496,12304,12246,31.76,67,3605,400,0
0.296119,85,171,18692,30549,12390,12341,31.975,83,3610,400,0
0.309425,91,183,19329,31658,12330,12284,31.825,87,3615,400,0
0.356598,110,221,21399,35054,12714,12654,32.785,92,3620,400,0
0.316837,96,193,19523,31974,12721,12661,32.8025,79,3625,400,0
0.314548,89,179,19425,31814,12457,12410,32.1425,75,3630,400,0
0.328199,96,193,19537,32015,12045,11999,31.1125,83,3635,400,0
0.330206,102,205,18969,31035,11844,11794,30.61,90,3640,400,0
0.298161,82,165,18072,29578,12041,12001,31.1025,80,3645,400,0
0.386863,110,221,19681,32186,12142,12071,31.355,95,3650,400,0
0.313206,86,173,18337,29993,11997,11944,30.9925,92,3655,400,0
0.352161,106,213,20382,33343,11811,11747,30.5275,87,3660,400,0
0.287036,78,157,17437,28540,11809,11764,30.5225,72,3665,400,0
0.352221,102,205,18410,30125,11532,11462,29.83,91,3670,400,0
0.32455,99,199,18409,30116,11730,11665,30.325,81,3675,400,0
0.356109,108,217,19880,32526,11699,11621,30.2475,84,3680,400,0
0.306881,90,181,18141,29689,11590,11545,29.975,82,3685,400,0
0.297684,83,167,17126,27996,11383,11339,29.4575,75,3690,400,0
0.342929,108,217,18306,29920,11116,11043,28.79,92,3695,400,0
0.32463,99,199,18415,30152,11415,11355,29.5375,82,3700,400,0
0.311506,93,187,17971,29408,11480,11429,29.7,80,3705,400,0
0.295209,80,161,17732,28997,11832,11783,30.58,77,3710,400,0
0.337448,98,197,19926,32620,11842,11786,30.605,83,3715,400,0
0.350295,107,215,19645,32124,11682,11624,30.205,97,3720,400,0
0.335697,104,209,18861,30854,11635,11583,30.0875,91,3725,400,0
0.29597,80,161,17061,27855,11726,11687,30.315,74,3730,400,0
0.372725,112,225,19545,31958,11700,11643,30.25,103,3735,400,0
0.314668,83,167,18244,29839,11924,11876,30.81,76,3740,400,0
0.298022,85,171,17939,29388,11860,11820,30.65,75,3745,400,0
0.328525,97,195,19105,31258,11776,11724,30.44,81,3750,400,0
0.324324,93,187,19188,31375,12004,11941,31.01,83,3755,400,0
0.286594,77,155,17745,29014,12004,11968,31.01,78,3760,400,0
0.317217,89,179,18983,31042,12179,12131,31.4475,80,3765,400,0
0.297164,81,163,17884,29249,11776,11739,30.44,70,3770,400,0
0.328234,102,205,19182,31349,11801,11749,30.5025,86,3775,400,0
0.373808,118,237,21362,34903,12417,12348,32.0425,100,3780,400,0
0.326276,96,193,20394,33351,12562,12512,32.405,78,3785,400,0
0.312398,90,181,19775,32358,12639,12592,32.5975,86,3790,400,0
0.315311,75,151,18973,31063,12627,12586,32.5675,67,3795,400,0
0.349287,109,219,20648,33789,12406,12335,32.015,89,3800,400,0
0.336995,103,207,20361,33320,12177,12119,31.4425,91,3805,400,0
0.336501,102,205,19807,32455,11584,11529,29.96,81,3810,400,0
0.282059,80,161,16884,27646,11233,11189,29.0825,79,3815,400,0
0.300007,91,183,17544,28642,11502,11447,29.755,78,3820,400,0
0.268268,75,151,16254,26538,11242,11196,29.105,66,3825,400,0
0.295682,88,177,17107,27927,11447,11403,29.6175,76,3830,400,0
0.289126,83,167,17266,28194,11437,11399,29.5925,84,3835,400,0
0.298055,87,175,17918,29293,11830,11788,30.575,74,3840,400,0
0.282851,75,151,18000,29452,12262,12220,31.655,67,3845,400,0
0.377359,120,241,21567,35314,12156,12083,31.39,98,3850,400,0
0.300379,85,171,18371,30061,11828,11785,30.57,84,3855,400,0
0.284815,79,159,17668,28913,11776,11749,30.44,73,3860,400,0
0.326066,100,201,18793,30762,11983,11929,30.9575,97,3865,400,0
0.351735,92,185,18693,30607,11942,11888,30.855,83,3870,400,0
0.343187,85,171,18618,30461,12489,12449,32.2225,75,3875,400,0
0.317433,73,147,18013,29484,12675,12640,32.6875,74,3880,400,0
0.336918,98,197,18912,30986,12169,12127,31.4225,96,3885,400,0
0.319511,83,167,18259,29886,11782,11734,30.455,70,3890,400,0
0.338672,97,195,19313,31615,11896,11841,30.74,88,3895,400,0
0.306822,85,171,17439,28518,11685,11638,30.2125,82,3900,400,0
0.30818,80,161,18034,29470,11733,11691,30.3325,61,3905,400,0
0.339115,97,195,19622,32095,11935,11890,30.8375,81,3910,400,0
0.322821,91,183,18829,30800,12121,12075,31.3025,83,3915,400,0
0.34571,94,189,18371,30061,11784,11733,30.46,83,3920,400,0
0.326502,91,183,17770,29048,11474,11431,29.685,77,3925,400,0
0.30995,84,169,17472,28579,11482,11436,29.705,86,3930,400,0
0.325587,93,187,18020,29500,11660,11605,30.15,83,3935,400,0
0.305394,85,171,17715,28988,11778,11727,30.445,77,3940,400,0
0.354694,107,215,19482,31898,11589,11526,29.9725,95,3945,400,0
0.27494,72,145,15824,25873,11213,11179,29.0325,65,3950,400,0
0.316892,89,179,17401,28455,11289,11248,29.2225,79,3955,400,0
0.333178,97,195,17529,28599,11153,11096,28.8825,92,3960,400,0
0.329778,98,197,18184,29718,11590,11530,29.975,75,3965,400,0
0.305079,83,167,17742,29023,11891,11855,30.7275,76,3970,400,0
0.346348,107,215,19177,31403,11739,11681,30.3475,97,3975,400,0
0.331727,94,189,19410,31745,12494,12446,32.235,90,3980,400,0
0.316072,92,185,18909,30965,12526,12483,32.315,88,3985,400,0
0.320152,93,187,19577,32072,12528,12484,32.32,80,3990,400,0
0.325127,90,181,19891,32595,12600,12553,32.5,72,3995,400,0
0.350948,103,207,21555,35359,12797,12736,32.9925,93,4000,400,0
0.335565,91,183,20763,34025,12845,12792,33.1125,80,4005,400,0
0.304372,85,171,18412,30159,12124,12082,31.31,82,4010,400,0
0.338199,95,191,19328,31659,12168,12115,31.42,91,4015,400,0
0.300645,83,167,17850,29196,11905,11864,30.7625,77,4020,400,0
0.351982,108,217,19899,32559,11850,11795,30.625,92,4025,400,0
0.321456,92,185,18709,30628,12157,12105,31.3925,92,4030,400,0
0.334755,99,199,18612,30478,11458,11401,29.645,86,4035,400,0
0.323897,94,189,18314,29969,11996,11943,30.99,86,4040,400,0
0.358904,93,187,18744,30665,12031,11978,31.0775,92,4045,400,0
0.329532,98,197,18832,30813,11892,11841,30.73,89,4050,400,0
0.338423,102,205,18892,30877,11700,11647,30.25,81,4055,400,0
0.3502,108,217,19466,31851,11840,11783,30.6,94,4060,400,0
0.381672,119,239,21051,34434,11959,11897,30.8975,99,4065,400,0
0.335906,97,195,18746,30642,11577,11521,29.9425,85,4070,400,0
0.318513,90,181,18897,30938,11725,11683,30.3125,75,4075,400,0
0.335786,99,199,18791,30750,11478,11422,29.695,84,4080,400,0
0.3597,105,211,18994,31051,11370,11320,29.425,87,4085,400,0
0.30863,86,173,17157,28027,11529,11488,29.8225,74,4090,400,0
0.309205,89,179,17015,27819,11210,11153,29.025,81,4095,400,0
0.350247,103,207,17753,28980,11170,11107,28.925,88,4100,400,0
0.329316,95,191,17547,28632,11336,11283,29.34,97,4105,400,0
0.356796,108,217,19410,31728,11800,11737,30.5,87,4110,400,0
0.371715,108,217,19548,31974,11974,11918,30.935,93,4115,400,0
0.333856,89,179,18155,29715,11643,11594,30.1075,79,4120,400,0
0.332227,83,167,17313,28282,11871,11818,30.6775,76,4125,400,0
0.332267,84,169,17160,28072,11600,11551,30,81,4130,400,0
0.418494,102,205,18811,30781,11628,11573,30.07,89,4135,400,0
0.376893,102,205,19106,31269,11679,11613,30.1975,82,4140,400,0
0.343152,89,179,19005,31065,11905,11853,30.7625,84,4145,400,0
0.344612,102,205,19340,31628,11933,11879,30.8325,86,4150,400,0
0.322824,90,181,18784,30752,12040,12001,31.1,69,4155,400,0
0.314148,86,173,17449,28542,11264,11208,29.16,77,4160,400,0
0.321192,81,163,16838,27540,11308,11261,29.27,71,4165,400,0
0.320809,89,179,17149,28019,11063,11007,28.6575,87,4170,400,0
0.328269,98,197,18159,29688,11405,11351,29.5125,80,4175,400,0
0.317822,84,169,18440,30181,11855,11812,30.6375,74,4180,400,0
0.344713,102,205,19622,32137,12186,12129,31.465,101,4185,400,0
0.313068,86,173,17944,29353,12160,12110,31.4,76,4190,400,0
0.367249,107,215,20482,33571,11982,11916,30.955,87,4195,400,0
0.334608,95,191,18231,29838,11829,11786,30.5725,95,4200,400,0
0.355032,102,205,19905,32582,11971,11900,30.9275,93,4205,400,0
0.291341,76,153,17918,29357,12125,12082,31.3125,80,4210,400,0
0.30942,86,173,18713,30641,12338,12289,31.845,71,4215,400,0
0.310793,86,173,18368,30092,12236,12194,31.59,78,4220,400,0
0.314095,87,175,18556,30379,12442,12404,32.105,76,4225,400,0
0.372806,115,231,21190,34662,12414,12356,32.035,89,4230,400,0
0.361721,106,213,20682,33830,12572,12517,32.43,87,4235,400,0
0.323261,91,183,18734,30659,12462,12421,32.155,83,4240,400,0
0.314499,87,175,18588,30450,12361,12315,31.9025,76,4245,400,0
0.332504,91,183,18814,30805,12302,12258,31.755,82,4250,400,0
0.292719,79,159,17724,29013,11959,11920,30.8975,75,4255,400,0
0.328395,96,193,18399,30146,11548,11497,29.87,86,4260,400,0
0.320101,91,183,17853,29217,11659,11605,30.1475,80,4265,400,0
0.290589,79,159,16410,26821,11233,11191,29.0825,75,4270,400,0
0.279349,73,147,15761,25727,11258,11220,29.145,73,4275,400,0
0.294995,80,161,16397,26760,11006,10961,28.515,71,4280,400,0
0.309541,85,171,17297,28286,11452,11410,29.63,79,4285,400,0
0.376782,104,209,18497,30222,11091,11034,28.7275,84,4290,400,0
0.333681,93,187,18887,30905,11664,11620,30.16,95,4295,400,0
0.387638,119,239,20833,34067,11658,11588,30.145,91,4300,400,0
0.356213,99,199,18738,30603,11780,11725,30.45,85,4305,400,0
0.350238,103,207,19808,32419,11745,11690,30.3625,91,4310,400,0
0.321055,93,187,18276,29874,11745,11696,30.3625,89,4315,400,0
0.305397,88,177,17890,29261,11792,11755,30.48,80,4320,400,0
0.308651,82,165,17971,29378,12107,12060,31.2675,73,4325,400,0
0.34712,102,205,19745,32302,11887,11836,30.7175,88,4330,400,0
0.367765,110,221,20607,33695,11796,11741,30.49,91,4335,400,0
0.341825,103,207,19176,31352,11459,11405,29.6475,96,4340,400,0
0.333193,97,195,18567,30347,11621,11565,30.0525,81,4345,400,0
0.346003,95,191,18139,29646,11654,11608,30.135,90,4350,400,0
0.343459,98,197,18348,29980,11614,11549,30.035,95,4355,400,0
0.280531,73,147,16118,26343,11403,11368,29.5075,67,4360,400,0
0.353501,108,217,18582,30377,11267,11208,29.1675,87,4365,400,0
0.362336,107,215,20159,32969,12085,12018,31.2125,86,4370,400,0
0.299102,81,163,17542,28672,12193,12148,31.4825,81,4375,400,0
0.372354,106,213,19123,31261,11728,11675,30.32,89,4380,400,0
0.325757,94,189,18387,30041,11841,11790,30.6025,89,4385,400,0
0.361544,108,217,19480,31849,11554,11484,29.885,91,4390,400,0
0.32276,90,181,18606,30406,11993,11941,30.9825,84,4395,400,0
0.327777,83,167,17603,28782,11733,11691,30.3325,72,4400,400,0
0.320586,86,173,17480,28584,11305,11258,29.2625,78,4405,400,0
0.331488,95,191,18207,29748,11536,11487,29.84,90,4410,400,0
0.321351,87,175,18575,30412,11897,11845,30.7425,72,4415,400,0
0.371091,113,227,20251,33119,11967,11912,30.9175,106,4420,400,0
0.285015,74,149,17162,28092,11958,11922,30.895,64,4425,400,0
0.302723,89,179,17413,28501,11557,11506,29.8925,84,4430,400,0
0.374647,118,237,19268,31475,11007,10928,28.5175,95,4435,400,0
0.321894,93,187,18079,29550,11150,11094,28.875,79,4440,400,0
0.311327,88,177,17600,28743,11212,11162,29.03,75,4445,400,0
0.341477,106,213,18598,30381,11147,11086,28.8675,90,4450,400,0
0.310782,87,175,17853,29141,11284,11240,29.21,80,4455,400,0
0.312582,82,165,17494,28591,11234,11192,29.085,79,4460,400,0
0.295015,81,163,17556,28665,11633,11590,30.0825,72,4465,400,0
0.334151,99,199,18824,30758,11788,11738,30.47,88,4470,400,0
0.318537,93,187,18816,30754,11848,11797,30.62,78,4475,400,0
0.304683,82,165,17858,29203,11722,11683,30.305,74,4480,400,0
0.326272,89,179,17587,28744,11383,11326,29.4575,82,4485,400,0
0.312568,88,177,17432,28472,11555,11493,29.8875,80,4490,400,0
0.349013,113,227,18662,30489,11024,10969,28.56,100,4495,400,0
0.312132,88,177,18275,29858,11820,11773,30.55,79,4500,400,0
0.359686,104,209,19795,32367,11682,11622,30.205,88,4505,400,0
0.358231,111,223,19300,31523,11660,11599,30.15,79,4510,400,0
0.31907,94,189,17370,28355,11329,11279,29.3225,81,4515,400,0
0.303717,84,169,18330,29942,12070,12025,31.175,73,4520,400,0
0.312642,90,181,17699,28890,11693,11642,30.2325,88,4525,400,0
0.280717,70,141,16706,27300,11549,11516,29.8725,67,4530,400,0
0.326902,98,197,18652,30466,11698,11647,30.245,81,4535,400,0
0.305175,88,177,17692,28909,11835,11778,30.5875,83,4540,400,0
0.328135,96,193,18719,30605,11598,11544,29.995,82,4545,400,0
0.319734,92,185,18477,30190,11641,11578,30.1025,78,4550,400,0
0.325084,95,191,18314,29903,11371,11316,29.4275,79,4555,400,0
0.326753,99,199,18100,29554,11250,11193,29.125,81,4560,400,0
0.341284,103,207,18537,30259,11425,11364,29.5625,89,4565,400,0
0.326872,94,189,18216,29767,11532,11474,29.83,82,4570,400,0
0.343522,106,213,19117,31272,11592,11538,29.98,87,4575,400,0
0.36102,113,227,20014,32744,11668,11610,30.17,105,4580,400,0
0.299652,81,163,17721,28974,12001,11967,31.0025,67,4585,400,0
0.333759,98,197,18972,31039,11754,11705,30.385,71,4590,400,0
0.346271,101,203,18969,30992,11596,11531,29.99,91,4595,400,0
0.305711,84,169,17765,29001,11684,11631,30.21,74,4600,400,0
0.344222,103,207,19049,31117,11764,11703,30.41,89,4605,400,0
0.368841,106,213,19859,32444,11929,11862,30.8225,89,4610,400,0
0.317371,87,175,18311,29941,12107,12059,31.2675,74,4615,400,0
0.348035,105,211,20529,33587,12324,12269,31.81,80,4620,400,0
0.304441,80,161,18863,30874,12555,12518,32.3875,90,4625,400,0
0.332677,94,189,19974,32731,12380,12334,31.95,79,4630,400,0
0.337749,99,199,19072,31220,12131,12073,31.3275,93,4635,400,0
0.322802,95,191,18725,30664,11713,11665,30.2825,85,4640,400,0
0.299117,81,163,17505,28624,11370,11323,29.425,81,4645,400,0
0.305911,87,175,17928,29316,11618,11571,30.045,70,4650,400,0
0.31901,83,167,17185,28085,11870,11827,30.675,82,4655,400,0
0.320871,92,185,18071,29507,11651,11596,30.1275,73,4660,400,0
0.284982,78,157,17145,27974,11464,11417,29.66,72,4665,400,0
0.312874,90,181,17479,28540,11359,11309,29.3975,88,4670,400,0
0.332742,101,203,18083,29524,11337,11283,29.3425,86,4675,400,0
0.320938,91,183,18118,29623,11505,11456,29.7625,77,4680,400,0
0.295501,84,169,16541,27019,11231,11187,29.0775,73,4685,400,0
0.372477,120,241,18523,30233,10918,10846,28.295,104,4690,400,0
0.288364,75,151,16409,26782,11367,11326,29.4175,69,4695,400,0
0.315732,93,187,17551,28673,11537,11490,29.8425,81,4700,400,0
0.308389,89,179,17900,29250,11716,11667,30.29,88,4705,400,0
0.31392,89,179,18336,29961,11832,11784,30.58,81,4710,400,0
0.393365,122,245,21359,34927,11910,11838,30.775,97,4715,400,0
0.358752,108,217,19070,31164,11801,11747,30.5025,91,4720,400,0
0.342883,105,211,18945,31014,11567,11520,29.9175,77,4725,400,0
0.400544,124,249,21174,34590,12074,11996,31.185,107,4730,400,0
0.334414,95,191,18464,30164,12032,11981,31.08,93,4735,400,0
0.303015,83,167,18729,30647,12377,12336,31.9425,76,4740,400,0
0.34632,110,221,20314,33289,12235,12185,31.5875,99,4745,400,0
0.322188,91,183,18668,30540,12143,12098,31.3575,82,4750,400,0
0.350873,108,217,19836,32476,11876,11820,30.69,85,4755,400,0
0.325887,95,191,18822,30813,12084,12022,31.21,82,4760,400,0
0.307904,86,173,18169,29719,11873,11829,30.6825,72,4765,400,0
0.351245,105,211,19796,32377,11858,11790,30.645,89,4770,400,0
0.342366,97,195,20172,33005,12334,12275,31.835,85,4775,400,0
0.319164,89,179,18610,30475,12038,11980,31.095,74,4780,400,0
0.314716,89,179,18373,30065,11693,11636,30.2325,83,4785,400,0
0.297329,85,171,17314,28323,11671,11624,30.1775,74,4790,400,0
0.327751,99,199,18187,29714,11469,11401,29.6725,84,4795,400,0
0.291157,76,153,16714,27335,11413,11370,29.5325,74,4800,400,0
0.300151,84,169,17688,28907,11652,11611,30.13,72,4805,400,0
0.328937,92,185,18930,30906,11914,11855,30.785,66,4810,400,0
0.316732,88,177,17792,29055,11780,11726,30.45,79,4815,400,0
0.323143,93,187,17757,29025,11405,11351,29.5125,88,4820,400,0
0.321414,87,175,18324,29942,11463,11407,29.6575,83,4825,400,0
0.294486,79,159,17159,28038,11381,11334,29.4525,67,4830,400,0
0.29279,81,163,17348,28356,11447,11411,29.6175,70,4835,400,0
0.307462,83,167,18208,29752,11882,11823,30.705,71,4840,400,0
0.32141,90,181,18548,30332,11423,11374,29.5575,83,4845,400,0
0.403108,121,243,20192,32983,11146,11073,28.865,104,4850,400,0
0.310166,88,177,17553,28667,11551,11508,29.8775,79,4855,400,0
0.308623,85,171,17662,28839,11647,11608,30.1175,73,4860,400,0
0.319549,93,187,17719,28933,11658,11596,30.145,93,4865,400,0
0.287545,77,155,16754,27401,11592,11557,29.98,66,4870,400,0
0.337876,98,197,18334,29930,11475,11416,29.6875,85,4875,400,0
0.345936,106,213,19826,32452,11508,11448,29.77,86,4880,400,0
0.330563,99,199,18673,30522,11318,11260,29.295,95,4885,400,0
0.339863,99,199,17999,29426,11605,11543,30.0125,80,4890,400,0
0.329377,100,201,18516,30268,11837,11777,30.5925,96,4895,400,0
0.323823,94,189,18443,30152,11700,11646,30.25,82,4900,400,0
0.336353,101,203,18762,30673,11695,11638,30.2375,83,4905,400,0
0.332672,97,195,18171,29706,11527,11473,29.8175,86,4910,400,0
0.361776,111,223,19907,32525,11447,11374,29.6175,98,4915,400,0
0.337036,100,201,18752,30626,11782,11722,30.455,92,4920,400,0
0.317602,89,179,18267,29885,11763,11711,30.4075,87,4925,400,0
0.294683,75,151,17865,29257,12001,11961,31.0025,66,4930,400,0
0.322138,95,191,18630,30495,11862,11812,30.655,76,4935,400,0
0.310094,87,175,17991,29450,11703,11656,30.2575,72,4940,400,0
0.334089,98,197,19317,31605,12016,11963,31.04,93,4945,400,0
0.328474,95,191,19762,32356,11928,11884,30.82,78,4950,400,0
0.278981,71,143,17557,28731,11692,11659,30.23,65,4955,400,0
0.306895,85,171,18322,29969,11930,11886,30.825,71,4960,400,0
0.34712,107,215,19529,31946,11627,11571,30.0675,100,4965,400,0
0.319639,96,193,18306,29934,11631,11587,30.0775,86,4970,400,0
0.308159,90,181,17737,29001,11805,11758,30.5125,80,4975,400,0
0.312144,88,177,18434,30152,12054,12011,31.135,84,4980,400,0
0.307028,86,173,18162,29719,11604,11554,30.01,75,4985,400,0
0.361379,113,227,18619,30461,11416,11346,29.54,83,4990,400,0
0.317965,86,173,17860,29195,11661,11608,30.1525,71,4995,400,0
